"Event time (s)","Interval (s)"
2.026395833E0,7.037916667E-1
2.730187500E0,5.253750000E-1
3.255562500E0,4.046458333E-1
3.660208333E0,0.000000000E0