"Start (s)","Stop (s)","Difference (s)"
2.026395833E0,2.730187500E0,7.037916667E-1