"Start (s)","Stop (s)","Difference (s)"
2.173750000E0,2.876916667E0,7.031666667E-1