"Event time (s)","Interval (s)"
1.564083333E0,7.159375000E-1
2.280020833E0,5.439791667E-1
2.824000000E0,4.110000000E-1
3.235000000E0,3.297291667E-1
