"Start (s)","Stop (s)","Difference (s)"
1.564083333E0,2.280020833E0,7.159375000E-1