"Event time (s)","Interval (s)"
1.671708333E0,7.231250000E-1
2.394833333E0,5.533958333E-1
2.948229167E0,4.326875000E-1
3.380916667E0,3.458125000E-1
3.726729167E0,7.650208333E-1
