"Start (s)","Stop (s)","Difference (s)"
1.671708333E0,2.394833333E0,7.231250000E-1