"Start (s)","Stop (s)","Difference (s)"
2.273520833E0,2.994875000E0,7.213541667E-1