"Event time (s)","Interval (s)"
1.749770833E0,6.975625000E-1
2.447333333E0,5.609583333E-1
3.008291667E0,4.557083333E-1
3.464000000E0,3.730416667E-1
3.837041667E0,3.098541667E-1
4.146895833E0,2.573958333E-1
4.404291667E0,2.124583333E-1
4.616750000E0,1.771458333E-1
