"Event time (s)","Interval (s)"
2.389562500E0,6.871666667E-1
3.076729167E0,5.547291667E-1
3.631458333E0,4.506041667E-1
4.082062500E0,3.693333333E-1
4.451395833E0,3.043958333E-1
4.755791667E0,2.526875000E-1
5.008479167E0,2.105208333E-1
5.219000000E0,1.761875000E-1
5.395187500E0,1.093208333E0
6.488395833E0,0.000000000E0