"Event time (s)","Interval (s)"
1.631666667E0,6.997083333E-1
2.331375000E0,5.636250000E-1
2.895000000E0,4.572291667E-1
3.352229167E0,3.741666667E-1
3.726395833E0,3.080833333E-1
4.034479167E0,2.550833333E-1
4.289562500E0,2.125833333E-1
4.502145833E0,1.781041667E-1
4.680250000E0,1.494166667E-1
