"Event time (s)","Interval (s)"
1.492250000E0,7.056666667E-1
2.197916667E0,5.681041667E-1
2.766020833E0,4.616666667E-1
3.227687500E0,3.769375000E-1
3.604625000E0,3.107291667E-1
3.915354167E0,2.559166667E-1
4.171270833E0,2.133333333E-1
4.384604167E0,1.784166667E-1
4.563020833E0,8.310208333E-1
5.394041667E0,0.000000000E0