"Event time (s)","Interval (s)"
1.733604167E0,7.147291667E-1
2.448333333E0,5.745625000E-1
3.022895833E0,4.667500000E-1
3.489645833E0,3.822291667E-1
3.871875000E0,3.151875000E-1
4.187062500E0,2.613750000E-1
4.448437500E0,2.178333333E-1
4.666270833E0,0.000000000E0