"Event time (s)","Interval (s)"
1.863104167E0,7.093541667E-1
2.572458333E0,5.709375000E-1
3.143395833E0,4.644791667E-1
3.607875000E0,3.811666667E-1
3.989041667E0,3.143125000E-1
4.303354167E0,2.610833333E-1
4.564437500E0,2.178958333E-1
4.782333333E0,0.000000000E0