"Event time (s)","Interval (s)"
1.641020833E0,7.004166667E-1
2.341437500E0,5.653750000E-1
2.906812500E0,4.596250000E-1
3.366437500E0,3.768541667E-1
3.743291667E0,3.113125000E-1
4.054604167E0,2.597291667E-1
4.314333333E0,2.178333333E-1
4.532166667E0,1.839166667E-1
4.716083333E0,0.000000000E0