"Start (s)","Stop (s)","Difference (s)"
1.641020833E0,2.341437500E0,7.004166667E-1