"Start (s)","Stop (s)","Difference (s)"
1.644395833E0,2.327395833E0,6.830000000E-1