"Event time (s)","Interval (s)"
1.565437500E0,7.010625000E-1
2.266500000E0,5.649166667E-1
2.831416667E0,4.589791667E-1
3.290395833E0,3.753958333E-1
3.665791667E0,3.088541667E-1
3.974645833E0,2.556250000E-1
4.230270833E0,2.128541667E-1
4.443125000E0,1.780208333E-1
4.621145833E0,0.000000000E0