"Start (s)","Stop (s)","Difference (s)"
1.565437500E0,2.266500000E0,7.010625000E-1