"Event time (s)","Interval (s)"
2.309229167E0,7.093750000E-1
3.018604167E0,5.477083333E-1
3.566312500E0,4.237500000E-1
3.990062500E0,3.328125000E-1
