"Start (s)","Stop (s)","Difference (s)"
2.309229167E0,3.018604167E0,7.093750000E-1