"Event time (s)","Interval (s)"
1.869291667E0,7.030833333E-1
2.572375000E0,5.703541667E-1
3.142729167E0,4.643333333E-1
3.607062500E0,3.792291667E-1
3.986291667E0,3.123333333E-1
4.298625000E0,2.587500000E-1
4.557375000E0,2.151250000E-1
4.772500000E0,1.798125000E-1
4.952312500E0,1.518125000E-1
5.104125000E0,0.000000000E0