"Start (s)","Stop (s)","Difference (s)"
1.869291667E0,2.572375000E0,7.030833333E-1