"Start (s)","Stop 1 (s)","Stop 2 (s)","Stop 3 (s)","Stop 4 (s)","Stop 5 (s)"
1.749770833E0,2.447333333E0,3.008291667E0,3.464000000E0,3.837041667E0,4.146895833E0