"Start (s)","Stop (s)","Difference (s)"
1.749770833E0,2.447333333E0,6.975625000E-1