"Start (s)","Stop (s)","Difference (s)"
1.863104167E0,2.572458333E0,7.093541667E-1