"Start (s)","Stop (s)","Difference (s)"
2.277645833E0,2.988458333E0,7.108125000E-1