"Event time (s)","Interval (s)"
6.113437500E0,6.976458333E-1
6.811083333E0,5.620833333E-1
7.373166667E0,4.572708333E-1
7.830437500E0,3.751250000E-1
8.205562500E0,3.099583333E-1
8.515520833E0,2.574791667E-1
8.773000000E0,2.140000000E-1
8.987000000E0,1.785416667E-1
9.165541667E0,0.000000000E0