"Start (s)","Stop (s)","Difference (s)"
6.113437500E0,6.811083333E0,6.976458333E-1