"Start (s)","Stop (s)","Difference (s)"
1.492250000E0,2.197916667E0,7.056666667E-1