"Start (s)","Stop (s)","Difference (s)"
1.733604167E0,2.448333333E0,7.147291667E-1