"Start (s)","Stop (s)","Difference (s)"
2.389562500E0,3.076729167E0,6.871666667E-1