"Event time (s)","Interval (s)"
2.277645833E0,7.108125000E-1
2.988458333E0,5.006458333E-1
3.489104167E0,3.882291667E-1
3.877333333E0,3.088541667E-1
4.186187500E0,2.562500000E-1
