"Event time (s)","Interval (s)"
1.794729167E0,6.855000000E-1
2.480229167E0,5.149375000E-1
2.995166667E0,3.964791667E-1
3.391645833E0,3.205833333E-1
