"Event time (s)","Interval (s)"
3.284604167E0,6.967083333E-1
3.981312500E0,5.281250000E-1
4.509437500E0,4.117291667E-1
