"Event time (s)","Interval (s)"
2.273520833E0,7.213541667E-1
2.994875000E0,5.430833333E-1
3.537958333E0,4.100000000E-1
