"Event time (s)","Interval (s)"
1.644395833E0,6.830000000E-1
2.327395833E0,4.995208333E-1
2.826916667E0,3.938541667E-1
3.220770833E0,3.147083333E-1
3.535479167E0,2.558333333E-1
