"Event time (s)","Interval (s)"
2.173750000E0,7.031666667E-1
2.876916667E0,5.457291667E-1
3.422645833E0,4.277500000E-1
3.850395833E0,3.273958333E-1
4.177791667E0,9.149791667E-1
