"Start (s)","Stop (s)","Difference (s)"
1.631666667E0,2.331375000E0,6.997083333E-1