"Start (s)","Stop (s)","Difference (s)"
3.284604167E0,3.981312500E0,6.967083333E-1