"Event time (s)","Interval (s)"
1.920020833E0,7.035208333E-1
2.623541667E0,5.665000000E-1
3.190041667E0,4.598333333E-1
3.649875000E0,3.758958333E-1
4.025770833E0,3.095625000E-1
4.335333333E0,2.564791667E-1
4.591812500E0,2.138541667E-1
4.805666667E0,1.791666667E-1
4.984833333E0,0.000000000E0