"Start (s)","Stop (s)","Difference (s)"
1.920020833E0,2.623541667E0,7.035208333E-1