"Event time (s)","Interval (s)"
1.999166667E0,7.025833333E-1
2.701750000E0,5.658750000E-1
3.267625000E0,4.576875000E-1
3.725312500E0,3.746666667E-1
4.099979167E0,3.087291667E-1
4.408708333E0,2.554166667E-1
4.664125000E0,2.123541667E-1
4.876479167E0,1.778958333E-1
5.054375000E0,1.491250000E-1
5.203500000E0,7.785833333E-1
5.982083333E0,0.000000000E0