"Start (s)","Stop (s)","Difference (s)"
1.999166667E0,2.701750000E0,7.025833333E-1