"Event time (s)","Interval (s)"
2.138375000E0,7.059791667E-1
2.844354167E0,5.736250000E-1
3.417979167E0,4.683958333E-1
3.886375000E0,3.830208333E-1
4.269395833E0,3.155416667E-1
4.584937500E0,2.609791667E-1
4.845916667E0,2.171458333E-1
5.063062500E0,0.000000000E0