"Start (s)","Stop (s)","Difference (s)"
2.138375000E0,2.844354167E0,7.059791667E-1