"Start (s)","Stop (s)","Difference (s)"
1.794729167E0,2.480229167E0,6.855000000E-1